{"cameraMode":{"drawMode":0,"name":"Shaded","section":"Shading Mode"},"sceneLighting":true,"audioPlay":false,"sceneViewState":{"showFog":true,"showMaterialUpdate":false,"showSkybox":true,"showFlares":true,"showImageEffects":true,"showParticleSystems":true},"in2DMode":false,"pivot":{"x":-5.688041687011719,"y":2.299248695373535,"z":16.25566864013672},"rotation":{"x":-0.014603760093450547,"y":-0.10778149962425232,"z":-0.0015839204424992204,"w":0.9940661191940308},"size":26.840557098388673,"orthographic":false}